1.44162E+18,@TAMU people who got their ring during covid should have a ring day redo!,2021-09-25T04:17:09.000Z,2731042116,00a4bbcc0dcd7572,,en
1.43969E+18,@TAMU_IT just got this weird COVID email with an HTM attachment from a TAMU email address. Figured you guys would like to look into it. https://t.co/UeOPJlcFJ9,2021-09-19T20:39:15.000Z,507895834,9ce0f1d2eb5998ce,,en
1.43918E+18,"Covid and TAMU
 https://t.co/B3LLm5Nh7G",2021-09-18T11:04:51.000Z,119248257,00a4bbcc0dcd7572,,en
1.43795E+18,"On a zoom call yesterday @TAMU officials said they are doing all they can to keep students and staff safe. 

‚¨áÔ∏è‚¨áÔ∏è‚¨áÔ∏è 

https://t.co/B7ouGLL3mk

Find out more on @KAGSnews.",2021-09-15T01:19:10.000Z,1.01926E+18,07d9f348ce884001,,en
1.43795E+18,"Students of @TAMU held a protest today against the university‚Äôs COVID-19 policies. Many say they don‚Äôt feel safe on campus, more people should be masking,and more virtual learning opportunities should be available. 
This is the first step to many more actions planned by students. https://t.co/HvI9YU9ITw",2021-09-15T01:19:09.000Z,1.01926E+18,0fc294b528d42000,,en
1.43776E+18,Texas A&amp;M Administration: TAMU COVID Action - Sign the Petition! https://t.co/nqslr7an6n via @Change,2021-09-14T13:01:20.000Z,2583131971,9ce0f1d2eb5998ce,,en
1.43758E+18,Texas A&amp;M Administration: TAMU COVID Action - Sign the Petition! https://t.co/bffxkk537N via @Change,2021-09-14T00:42:35.000Z,8.32763E+17,00a4bbcc0dcd7572,,en
1.43729E+18,"@sixjohnny4 @KBTXRusty this isn‚Äôt political, we don‚Äôt know where she got it but the point isn‚Äôt that tamu gave her covid, it‚Äôs that one of our classmates has died and it isn‚Äôt being seen as an issue. at least 5% of tamu tested positive, and pers",2021-09-13T05:44:18.000Z,3191398158,00a4bbcc0dcd7572,,en
1.43718E+18,"Covid Protest, Texas A&amp;M University, Tuesday, September 14, 5pm. Be there.
#Covid #DeltaVariant #TexasAMUniversity #TAMU https://t.co/xnCyVkYydd",2021-09-12T22:07:00.000Z,119248257,9ce0f1d2eb5998ce,,en
1.43526E+18,Howdy! I am looking for @TAMU students who are living on campus and have tested positive for COVID-19 for a story for @TheBattOnline. DM me if this is you!,2021-09-07T15:13:00.000Z,2538445327,9ce0f1d2eb5998ce,,en
1.43489E+18,Here‚Äôs a link to @TAMU‚Äôs dashboard for you to explore: https://t.co/SKXWxXC3at,2021-09-06T14:56:26.000Z,2363436115,00a4bbcc0dcd7572,,en
1.43489E+18,"NEW: Texas A&amp;M has 1,200 confirmed cases of COVID-19 as of last Friday and tested over 30,000 campus members in August. The other ~40K are required to be tested by Sept. 10. https://t.co/GohjbsVdMZ",2021-09-06T14:56:26.000Z,2363436115,00a4bbcc0dcd7572,,en
1.43094E+18,"Performative covid test in Covidland‚Ä¶.
#pandemiclife @ Texas A&amp;M University https://t.co/gKBkU4MS6F",2021-08-26T16:47:57.000Z,150718386,00a4bbcc0dcd7572,"[-96.33447647, 30.61952184]",en
1.4304E+18,All I see is COVID in this picture. https://t.co/Hp8t9ZxOzp,2021-08-25T05:11:44.000Z,2910397176,00a4bbcc0dcd7572,,en
1.42012E+18,"Brazos County Level of Community Transmission:

HIGH

source: https://t.co/Q8U1VDLnoB

#bcstx #TAMU @BrazosCoHD https://t.co/sKP8T5wWlp",2021-07-27T20:24:31.000Z,9.48646E+17,9ce0f1d2eb5998ce,,en
1.39726E+18,I‚Äôll have a live report at five and more at six on the COVID vaccination event happening at the Texas A&amp;M System today and tomorrow. @hfallskbtx @tamu @KBTXNews https://t.co/G7ALJlPFfR,2021-05-25T18:18:17.000Z,205388358,00a4bbcc0dcd7572,,en
1.39724E+18,"Happening now. A free COVID vaccine clinic being hosted by the Texas A&amp;M System at their offices off Tarrow Street. We have live details at noon, 5 and six today. @tamu @KBTXNews https://t.co/wBQ30ciQuX",2021-05-25T17:01:34.000Z,205388358,00a4bbcc0dcd7572,,en
1.38609E+18,"Football is back in #Aggieland. Today‚Äôs @TAMU #MaroonAndWhiteGame is the first big athletic event since the loosening of covid-19 restrictions. Coming up at 6 and 10 on @KBTXNews, hear from local hotels and restaurants that are excited to be busy and their outlook for the future. https://t.co/Bwuop2Ib4J",2021-04-24T22:41:53.000Z,1.30409E+18,0d3cb4ac0b179000,,en
1.37923E+18,"If you‚Äôre a minority student at Texas A&amp;M and have 5 minutes to spare, please consider filling out this survey to assess minority mental health as a result of the COVID-19 pandemic. -&gt; https://t.co/Gr3rxnhkDp",2021-04-06T00:33:27.000Z,1.29792E+18,9ce0f1d2eb5998ce,,en
1.37552E+18,"Confirmed Texas A&amp;M Saturday starter Bryce Miller will not pitch this weekend due to COVID-19 protocols. Jonathan Childress will take his place Sat., followed by Chris Weber Sunday. 

First reported by @KendallRogers.",2021-03-26T18:52:20.000Z,170139958,00a4bbcc0dcd7572,,en
1.37047E+18,"Missed my real graduation from TAMU due to covid, missed my makeup graduation due to snovid (which made my exam schedule be rearranged so I had two exams this morning) ü§©",2021-03-12T20:08:22.000Z,2249310068,00a4bbcc0dcd7572,,en
1.37042E+18,"Thank you to @KBTXNews for covering last night‚Äôs COVID-19 vigil at Texas A&amp;M. The organizers of this event worked very hard to provide a space where the community could share their stories &amp; come together in remembrance of those we lost to the pandemic. 

https://t.co/cPIYf4PJVc",2021-03-12T17:05:39.000Z,1.29792E+18,9ce0f1d2eb5998ce,,en
1.3702E+18,"Read and watch the organizers (including myself) of the @bcscovidvigil discussing the motivations for hosting the vigil that occurred tonight on campus at Texas A&amp;M, to honor those who have passed on or been affected by COVID-19. 

https://t.co/KPHLEWEn6k",2021-03-12T02:46:45.000Z,1.29792E+18,9ce0f1d2eb5998ce,,en
1.37011E+18,"A Bryan-College Station COVID-19 vigil will take place in Rudder Plaza on @TAMU‚Äôs campus today from 6-8 p.m.

Attendees are encouraged to maintain social distance and double mask. https://t.co/tkZr0StwB1",2021-03-11T20:25:07.000Z,2363436115,00a4bbcc0dcd7572,,en
1.36938E+18,Putting all my TAMU COVID relief into $AABB ü§™,2021-03-09T20:28:52.000Z,1717114458,00a4bbcc0dcd7572,,en
1.3679E+18,"Just in: Texas A&amp;M is keeping its face mask policy and other COVID-19 protocols in place for the remainder of the semester. 

At the end of it, each campus in the system will be allowed to review and make changes based on local conditions at that time. 

Source:@tamusystem https://t.co/8gfKfD71dT",2021-03-05T17:51:18.000Z,16292883,00a4bbcc0dcd7572,,en
1.36714E+18,"10% of tamu‚Äôs student body had or currently has covid-19, 500k people have died in the US from covid, i talk to ppl every day at work who have covid whose entire lives are changed &amp; don‚Äôt know if they‚Äôll make it. so, despite greg abb*tt‚Äôs stupid decision, wear your fucking masks",2021-03-03T15:32:12.000Z,1035622400,00a4bbcc0dcd7572,,en
1.36712E+18,@TAMU y‚Äôall better keep face coverings as a requirement on campus bc covid cases are still rampant üòÄ,2021-03-03T14:45:00.000Z,1035622400,00a4bbcc0dcd7572,,en
1.36468E+18,"Texas A&amp;M men‚Äôs basketball at Missouri scheduled for Saturday postponed because of COVID-19 issues with A&amp;M program ‚Äî Aggies‚Äô 8th straight postponement and they will not play a game in February. 
One regular season game remaining on March 3, at Reed vs. MSU.",2021-02-24T20:41:20.000Z,46845373,9ce0f1d2eb5998ce,,en
1.36439E+18,"@Travis_L_Brown @TAMU Dont be shy, admit you care more about money than COVID :)",2021-02-24T01:55:05.000Z,1594771088,00a4bbcc0dcd7572,,en
1.35989E+18,Texas A&amp;M men's basketball game against Florida postponed due to COVID-19 https://t.co/mRZt9n7LDH,2021-02-11T15:41:26.000Z,170139958,00a4bbcc0dcd7572,,en
1.35989E+18,"Texas A&amp;M men at Florida scheduled for Saturday has been postponed, Aggies‚Äô 4th consecutive postponement because of COVID-19 issues within the program: https://t.co/VNcJTERfl1",2021-02-11T15:36:46.000Z,46845373,9ce0f1d2eb5998ce,,en
1.35844E+18,Texas A&amp;M men‚Äôs basketball‚Äôs matchup with Georgia postponed due to COVID-19 https://t.co/lme9BcPURG,2021-02-07T15:49:07.000Z,170139958,00a4bbcc0dcd7572,,en
1.35736E+18,Texas A&amp;M men‚Äôs basketball game at Arkansas postponed because of COVID issues within A&amp;M program. Aggies‚Äô home game vs. Vandy that was scheduled for last night postponed prior: https://t.co/9NanPdQQ2F,2021-02-04T15:50:31.000Z,46845373,9ce0f1d2eb5998ce,,en
1.35675E+18,"Texas A&amp;M men's basketball pauses activity, postpones Vanderbilt game, due to positive COVID-19 tests https://t.co/Py6rKLOfRu",2021-02-02T23:49:01.000Z,170139958,00a4bbcc0dcd7572,,en
1.35675E+18,@freyajmanuel @TAMU these are the COVID precautions you‚Äôve provided us?,2021-02-02T23:27:49.000Z,1035622400,00a4bbcc0dcd7572,,en
1.35674E+18,Texas A&amp;M‚Äôs home game scheduled for Wednesday night vs. Vanderbilt postponed because of multiple positive COVID-19 tests within A&amp;M program: https://t.co/DRXdqtJUk8,2021-02-02T23:19:44.000Z,46845373,9ce0f1d2eb5998ce,,en
1.35194E+18,Texas A&amp;M's men's basketball team at Vanderbilt postponed due to COVID-19 https://t.co/eBPkbmU13b,2021-01-20T17:03:44.000Z,170139958,00a4bbcc0dcd7572,,en
1.34479E+18,"In my mind, 2020 was the Before Times followed by the Coronavirus Times

But the first in this thread of the 12 most-read 2020 articles is 

‚ÄúLocal officials investigate Texas A&amp;M student for possible coronavirus‚Äù ‚Äî Jan. 23, 2020

Interesting thread https://t.co/rlyQlHBn70",2020-12-31T23:28:35.000Z,9.48646E+17,9ce0f1d2eb5998ce,,en
1.34443E+18,Do you plan to get tested for Covid in the New Year? I have an update and live report at six.  @hfallskbtx @KBTXNews @tamu @KBTXRusty @KBTXKarla https://t.co/QecW3nUDIy,2020-12-30T23:58:35.000Z,205388358,00a4bbcc0dcd7572,,en
1.33639E+18,@wxbrad Cincy has covid issues. It needs to be TAMU,2020-12-08T19:01:47.000Z,2227415623,00a4bbcc0dcd7572,,en
1.33392E+18,An update at six on local COVID-19 testing. I‚Äôll have a live report. @hfallskbtx @KBTXNews  @tamu @BrazosCoHD https://t.co/oDkANgJvE6,2020-12-01T23:48:23.000Z,205388358,00a4bbcc0dcd7572,,en
1.33206E+18,Drone helping Texas A&amp;M keep athletics facilities free of COVID-19 https://t.co/j5m5kHO5yR,2020-11-26T20:41:49.000Z,170139958,00a4bbcc0dcd7572,,en
1.33093E+18,Great last day w/ my fellow weather Aggies. BTHO COVID. Class of '23. A A A A A Gig Em. @TAMU https://t.co/M5ewHpiPlt,2020-11-23T17:55:30.000Z,9.64889E+17,00a4bbcc0dcd7572,,en
1.32883E+18,"Texas A&amp;M men‚Äôs basketball will no longer play in preseason tournament in South Dakota, citing COVID concerns: https://t.co/RlEpEwJejR",2020-11-17T22:35:10.000Z,46845373,9ce0f1d2eb5998ce,,en
1.3284E+18,"With cases spiking in Texas, @TAMU is asking ALL students to get tested for COVID-19. https://t.co/eLMKOg8Wsr",2020-11-16T17:58:46.000Z,2233426202,9ce0f1d2eb5998ce,,en
1.32759E+18,"Kappa Alpha Theta becomes the third sorority to have an outbreak of COVID-19 cases.

https://t.co/XeMxLKiKkm",2020-11-14T12:46:43.000Z,16292883,00a4bbcc0dcd7572,,en
1.32589E+18,"Texas A&amp;M head football coach Jimbo Fisher has announced practice is paused due to positive COVID-19 tests.

https://t.co/w61Be9GWZa",2020-11-09T19:44:23.000Z,16292883,9ce0f1d2eb5998ce,,en
1.32588E+18,Breaking: Texas A&amp;M has suspended football activities today due to a few players testing positive for COVID-19. All players have been retested today. #GigEm,2020-11-09T19:01:43.000Z,1202633154,00a4bbcc0dcd7572,,en
1.31975E+18,@drhollira Only on the A&amp;M campus. It‚Äôs free for anyone. https://t.co/X5sbNWFdh3,2020-10-23T21:18:54.000Z,16292883,00a4bbcc0dcd7572,,en
1.31907E+18,".@TAMU has debuted new testing kiosks and is offering free, walk-up COVID-19 tests for anyone in the state.

Similar kiosks were announced at @txst in late September but require a scheduled appointment and are only available to faculty, staff and students. https://t.co/ksVrdI5tE5",2020-10-21T23:57:44.000Z,2363436115,00a4bbcc0dcd7572,,en
1.31905E+18,"@kyrstindene14 They did it for COVID reasons I think, because TAMU gave us off from Thanksgiving- Jan because they don‚Äôt want us traveling and coming back to school in between",2020-10-21T22:46:24.000Z,1256331554,00a4bbcc0dcd7572,,en
1.31868E+18,Congrats to awesome student @rswhittle for his new article on socioeconomic factors of COVID-19  cases in NYC! @TAMU_BHP @TAMUEngineering @TAMU  @hlkn_tamu @ISUnet @ISU_SSP https://t.co/N5eHKNuzIN,2020-10-20T22:30:05.000Z,346636251,00a4bbcc0dcd7572,,en
1.3183E+18,"Y‚Äôall gotta get better at picking these random covid testing @TAMU, I literally get tested every week üíÄ give it to someone who don‚Äôt follow guidelines or doesn‚Äôt wear a face mask",2020-10-19T21:33:18.000Z,2450451206,00a4bbcc0dcd7572,,en
1.31714E+18,Texas A&amp;M is good to go for its 3 pm Saturday game at Mississippi State on the COVID testing front ‚Äî team preparing to board flight now.,2020-10-16T16:34:22.000Z,46845373,9ce0f1d2eb5998ce,,en
1.31612E+18,Texas A&amp;M AD Ross Bjork on 5 positive COVID-19 tests in Florida football program ‚Äî Aggies defeated Gators last Saturday at Kyle Field: https://t.co/eDYxBsu8Y6,2020-10-13T21:10:00.000Z,46845373,9ce0f1d2eb5998ce,,en
1.31502E+18,"not only is tamu‚Äôs ap rank going up after this win, but so is our covid case countüòçüòçüòç",2020-10-10T20:09:46.000Z,4744185037,00a4bbcc0dcd7572,,en
1.31428E+18,if tamu is really worried about us traveling during spring break and risking people contracting covid why don‚Äôt we just go back to completely online????,2020-10-08T19:06:02.000Z,2975855975,00a4bbcc0dcd7572,,en
1.31206E+18,"COVID-19 changes Texas A&amp;M football‚Äôs travel, study plans, starting with Saturday's game against Alabama https://t.co/IOadCmk6kc",2020-10-02T15:57:48.000Z,170139958,00a4bbcc0dcd7572,,en
1.30852E+18,"Press is waiting in @TAMU‚Äôs 21st Century Classroom Building for Dr. Deborah L. Birx, the White House COVID-19 response coordinator, to speak about her tour of the College Station vaccine facility + more. @TheBattOnline https://t.co/ibcNYH6HVr",2020-09-22T21:19:39.000Z,9.07022E+17,0fc294b528d42000,,en
1.30847E+18,Texas A&amp;M soccer match vs. Auburn postponed due to COVID-19 case https://t.co/x2JpRwGnCP,2020-09-22T17:58:42.000Z,170139958,00a4bbcc0dcd7572,,en
1.30735E+18,Texas A&amp;M's Kyle Field receives COVID-19 enhancements ahead of football opener https://t.co/FFpTjJUkuJ,2020-09-19T16:16:57.000Z,170139958,00a4bbcc0dcd7572,,en
1.30605E+18,"they really just waking themselves off over this bullshit and ignoring the serious division on campus,,,, a&amp;m better be praying covid/social distancing are permanent so we can't protest constantly https://t.co/V1hSJlIJ43",2020-09-16T01:51:34.000Z,9.46444E+17,00a4bbcc0dcd7572,,en
1.30423E+18,"Hey @TAMU, please alert the student body with information on reported clusters rather than stowing it away under ""Additional Resources"" on https://t.co/SkLm6x19Nn! https://t.co/ZaRIzavvts",2020-09-11T01:17:00.000Z,2363436115,00a4bbcc0dcd7572,,en
1.30378E+18,"Texas A&amp;M (@tamu) - coordinated study expects COVID-19 economic impacts of $2.5 trillion loss in goods, services nationwide (https://t.co/StsR11Em01) 

Written by Kay Ledbetter

COVID-19 is expected to reduce the U.S.‚Ä¶ https://t.co/a5X9YlPmqo",2020-09-09T19:33:06.000Z,29493760,00a4bbcc0dcd7572,"[-96.33447647, 30.61952184]",en
1.30318E+18,"I‚Äôm still shook, I never get chosen for anything!!!! But I got chosen for tamu random covid testing hahah",2020-09-08T03:47:41.000Z,2906377434,00a4bbcc0dcd7572,,en
1.30197E+18,"Who tweeted this? COVID? 

with hundreds of students testing positive since the start of classes. the county total cases now over 5,000 and still having in person classes, still putting maintenance/custodial/service staff at high risk? and the number of cases going up every day. https://t.co/LMd9NiEL3C",2020-09-04T19:54:07.000Z,1.0542E+18,00a4bbcc0dcd7572,,en
1.30189E+18,New paper on COVID-19 with amazing doc student @rswhittle: An ecological study of #socioeconomic predictors in detection of #COVID19 cases across neighborhoods in New York City @TAMU_BHP @ISUnet @TAMUEngineering @TAMUAero @TAMU @hlkn_tamu https://t.co/lu6lIEA9Ks,2020-09-04T14:45:41.000Z,346636251,00a4bbcc0dcd7572,,en
1.3014E+18,"Hey!

IDK if y‚Äôall knew this but Texas A&amp;M reported almost 1,000 cases of COVID-19 in August and have yet to release any information regarding what would trigger a move to online instruction!

üëã",2020-09-03T05:58:41.000Z,2363436115,00a4bbcc0dcd7572,,en
1.29958E+18,"122 students reported a positive case of COVID-19 on Aug. 26 according to updated data on @TAMU‚Äôs COVID-19 dashboard.

This is the largest single-day increase in cases and 675 total cases of COVID-19 have been reported since Aug. 2. https://t.co/NcSUyx08Fd",2020-08-29T05:12:59.000Z,2363436115,00a4bbcc0dcd7572,,en
1.2991E+18,"Bootcamp is üîô &amp; üÜì week* is Aug. 31 - Sept. 4 where you can try Boxing and General Bootcamp üÜì before the programs officially begin! 

‚ÄºÔ∏è Make sure to download the Texas A&amp;M Rec Sports app üì≤ to reserve your spot!

*All video content was filmed before the COVID-19 pandemic. https://t.co/gXlHwmndS3",2020-08-27T21:57:16.000Z,17974323,00a4bbcc0dcd7572,,en
1.29909E+18,Just a few minutes until Dr. Sullivan from the @BrazosCoHD and some @TAMU officials speak on COVID-19 reporting on campus. You can watch the press conference LIVE on @KAGSnews‚Äô Facebook page. https://t.co/PFuugJAMnt,2020-08-27T20:58:42.000Z,2233426202,9ce0f1d2eb5998ce,,en
1.29861E+18,"Ohio State, Purdue, Syracuse &amp; others have suspended students for breaking COVID guidelines (mainly for partying). Large gatherings for any reason should be taken seriously, and I know there have been plenty here. If they can do it, you can do it, too. @TAMU",2020-08-26T13:31:39.000Z,1.16048E+18,00a4bbcc0dcd7572,,en
1.29836E+18,"At TAMU students are being randomly selected to take COVID-19 test. Lucky me, I made the cut &amp; I haven‚Äôt been to campus since June. Nonetheless I went because testing is important. I mostly wanted to see how TAMU is administering the test. Ya know, disaster planner over here.",2020-08-25T20:28:20.000Z,334958513,00a4bbcc0dcd7572,,en
1.2981E+18,"@TheUmpire11 @KathrynMcWilli5 @tamustuact @TAMUDSA @TAMU Clery Handbook section 6.2, ‚Äúoutbreak of meningitis, norovirus or other serious illness;‚Äú... and our staff spoke directly with the Department of Ed regarding identifying org by name.  Check the ",2020-08-25T03:16:33.000Z,73100680,00a4bbcc0dcd7572,,en
1.29772E+18,@Elliott_FortWor @tamustuact @TAMUDSA @TAMU Have her complete and submit her documentation through the COVID Reporting Portal and the contact tracers can verify and fix that for her. https://t.co/3W7wZbXqM3,2020-08-24T02:34:08.000Z,73100680,00a4bbcc0dcd7572,,en
1.29696E+18,"UT Austin and Texas State launched their COVID-19 dashboards in early July.

Let me be frank: 

During a pandemic, A&amp;M has invited thousands of students back to campus and has released no solid information regarding the virus‚Äô presence in the community.",2020-08-22T00:15:02.000Z,2363436115,00a4bbcc0dcd7572,,en
1.29631E+18,@TAMU opening campus up and inviting students to campus just for sororities to put people at risk and individuals ended up testing positive for COVID https://t.co/cVKHA3Jz6C,2020-08-20T04:58:12.000Z,1.0542E+18,00a4bbcc0dcd7572,,en
1.29558E+18,@TAMU @tamu_sbp good effort but DO NOT WEAR A MASK WITH A FILTER: ‚ÄúMasks with exhalation valves or vents should NOT be worn to help prevent the person wearing the mask from spreading COVID-19 to others‚Äù https://t.co/BOT16OzXyL,2020-08-18T04:27:49.000Z,1523336622,00a4bbcc0dcd7572,,en
1.29485E+18,Ready for Year 2 @TAMU. BTHO COVID-19. #GigEm Aggiesüëç. Wish me luck! https://t.co/U04y4lO2Tl,2020-08-16T04:22:23.000Z,9.64889E+17,00a4bbcc0dcd7572,,en
1.29405E+18,"went on campus to get tested for COVID and the number of students w/o masks, masks in their hand, mask not worn properly üò∑ tamu I hope y‚Äôall are ready for a large outbreak on campus cause the way people don‚Äôt seem to care and are just that selfish seems to be growing by the day https://t.co/T4mRnhJQI1",2020-08-13T23:06:46.000Z,1.0542E+18,00a4bbcc0dcd7572,,en
1.29399E+18,"@ TAMU Greek life

I know it‚Äôs a lot to ask but Can y‚Äôall take COVID serious? Some of us trying to walk",2020-08-13T19:10:04.000Z,3030918493,00a4bbcc0dcd7572,,en
1.29358E+18,"Beat the hell out of Coronavirus! Wearing a mask is #goodbull, Ags! #theaggieway #BTHOCoronavirus #WearADamnMask #TAMU #aggies #WeAretheAggies https://t.co/c0sO4LCin2",2020-08-12T15:48:17.000Z,49407417,00a4bbcc0dcd7572,,en
1.29262E+18,"‚ÄºÔ∏è‚ÄºÔ∏è if you get infected with covid and you have a pet, STAY AWAY from your pet. they can get infected too. ‚ÄºÔ∏è‚ÄºÔ∏è https://t.co/neoXu8VUQ5",2020-08-10T00:32:50.000Z,1523336622,00a4bbcc0dcd7572,,en
1.29171E+18,"This is interesting. Texas A&amp;M researchers swabbed about local 50 pets who live in homes where someone had COVID-19. Two cats tested positive. 

On another note: the cat in the picture for sure hates everyone üòÇ

https://t.co/taEmILk8dV",2020-08-07T12:27:58.000Z,16292883,00a4bbcc0dcd7572,,en
1.28934E+18,"According to the university, the testing is now available Monday through Friday at a tent in Lot 27 near the Beutel Health Center on Texas A&amp;M‚Äôs campus.

https://t.co/UwF9O5eqeW",2020-07-31T23:33:55.000Z,16292883,00a4bbcc0dcd7572,,en
1.28795E+18,"üôèüèªüôèüèªüôèüèªü§ûüèªü§ûüèªü§ûüèª

Feds approve $265 million to manufacture coronavirus vaccine at Texas A&amp;M facility https://t.co/8OVq4wNHax",2020-07-28T03:06:26.000Z,241021830,00a4bbcc0dcd7572,,en
1.28788E+18,"Texas A&amp;M and FUJIFILM Diosynth Biotechnologies have been tasked by the government to mass produce COVID-19 vaccines.

Valued at $265 million, this new order is reserving production capacity at a Texas A&amp;M University System facility in College Station: https://t.co/ttsBzxRYql",2020-07-27T22:21:43.000Z,16292883,9ce0f1d2eb5998ce,,en
1.28357E+18,"With #COVID19 Cases Surging In #Texas , What‚Äôs Next? https://t.co/72cSnh3Mnw
 /",2020-07-16T01:14:54.000Z,9.81491E+17,00a4bbcc0dcd7572,,en
1.28308E+18,"Students, faculty and staff at all 11 Texas A&amp;M System universities across the state will soon have quick and easy access to free testing for COVID-19.

https://t.co/7wMeGB1dOM",2020-07-14T16:28:56.000Z,16292883,00a4bbcc0dcd7572,,en
1.28178E+18,One (disposable) mask a day keeps covid away... üò∑üò∑üò∑ https://t.co/PVuokaAZn7,2020-07-11T02:57:51.000Z,3152346422,00a4bbcc0dcd7572,,en
1.27855E+18,"Ram√≥n ü§™

-Waco, Texas 
-TAMU ‚Äò20ish
-Allied health major w/ minor in Spanish 
-First gen üá≤üáΩ 
-Almost my 4th yr. working at Laynes  üòì
- Hobbies: Latin nights (post COVID-19), cooking, volleyball, and playing Smash. 
-A Barb üòà 
 #whoswhoattamu https://t.co/bLXjgTMfdh",2020-07-02T04:47:24.000Z,7.77362E+17,00a4bbcc0dcd7572,,en
1.27382E+18,"for heavens sake we don‚Äôt need cases at TAMU, y‚Äôall are gonna end up at Beutel with COVID. 

The first and only time I went to beutel because I was sick I ended up with a dent on my ass bc they gave me the wrong shot &amp; had to give me an extra shot :) 

Goodluck to u",2020-06-19T03:38:29.000Z,1.05892E+18,9ce0f1d2eb5998ce,,en
1.27375E+18,maaaan tamu just cured covid üíØ https://t.co/JrFvvuejzo,2020-06-18T22:38:31.000Z,1035622400,00a4bbcc0dcd7572,,en
1.27367E+18,"70 covid cases today, 145 yesterday... it‚Äôs your friendly reminder to stay safe out there and sign this petitionüòä

https://t.co/GHtBHL92fX",2020-06-18T17:32:21.000Z,2874517754,00a4bbcc0dcd7572,,en
1.27342E+18,"@TAMU @FishCampTAMU Please consider moving camp to online. With Covid growing with crazy numbers it seems it‚Äôs not going to slow down. The freshman will leave camp to see their family‚Äôs and if they contracted COVID during camp, then that could mean li",2020-06-18T00:53:41.000Z,2874517754,00a4bbcc0dcd7572,,en
1.27335E+18,Bjork: Number of Texas A&amp;M student-athletes testing positive for COVID-19 has increased https://t.co/N8NMbRQPpP,2020-06-17T20:12:09.000Z,170139958,00a4bbcc0dcd7572,,en
1.27267E+18,"Dr Renyi Zhang @tamu @TAMUGeosciences @tamu_atmo studied face masks as a counter to #coronavirus spread - in short, they work. ""I don't understand why some people are so resistent.""  

https://t.co/P4cpn0jGys",2020-06-15T23:31:49.000Z,1639748756,00a4bbcc0dcd7572,,en
1.26271E+18,@RecSports The entire @RecSports team has been amazing ... from initial COVID-19 restrictions to lockdown to reopening ... this is what @NIRSAlive professionalism looks like! #EXCELLENCE @TAMUDSA @TAMU,2020-05-19T11:28:01.000Z,73100680,00a4bbcc0dcd7572,,en
1.26107E+18,". @tamu_atmo @tamu researchers determine the most effective DIY mask materials https://t.co/pinLIk878g via @ABC13Houston

@TAMUGeosciences",2020-05-14T23:13:55.000Z,1639748756,00a4bbcc0dcd7572,,en
1.2604E+18,"@tamu take notice! there‚Äôs many of us like that, help create a safe place for your students. #international #coronavirus #financialaid https://t.co/pXOzNrb10I",2020-05-13T02:52:39.000Z,1.15771E+18,00a4bbcc0dcd7572,,en
1.25819E+18,"#Covid19 has changed a lot of things. Is the #food you eat one of them? Read on for more from @patrickjstover on the future of food and #agriculture after coronavirus in the @dallasnews  @tamusystem @txextension @TAMU @aglifesciences 
https://t.co/y5K6z4Qozj",2020-05-07T00:06:23.000Z,179784414,00a4bbcc0dcd7572,,en
1.25661E+18,"didn‚Äôt let covid take away one of the BEST DAYS EVER!!! BEYOND proud of you, sis!!! ah ü§© BTHO90hrs &amp; BTHOcovid
@rritavraniqi @AggieNetwork @TAMU https://t.co/lGzOqu3CEw",2020-05-02T15:23:42.000Z,364646898,00a4bbcc0dcd7572,,en
1.25564E+18,THIS JUST IN: EXCLUSIVE A&amp;M Maroon Masks now available! A MUST HAVE for Aggies anywhere! BTHO Coronavirus in your favorite Maroon and White Style! https://t.co/JvbfoFHHOv #tamu #aggies #bthocoronavirus https://t.co/TY5BGe31gp,2020-04-29T23:38:02.000Z,31969340,07d9f39519484000,,en
1.25341E+18,"Professor Heidi Campbell presents ‚ÄúThe Distanced Church: Reflections on Doing Church Online,‚Äù in which she considers how #ReligiousCommunication changes during a global pandemic. https://t.co/sW2GM4f7zN",2020-04-23T19:30:25.000Z,351187527,00a4bbcc0dcd7572,,en
1.25157E+18,"This is for every Aggie that was supposed to get their ring this weekend.
I know that this ring represents so much more than just 90+ hours. Let‚Äôs continue to stay home so that our ring day can come sooner than we expect it. BTHO Covid-19 üëçüèΩ 
@AggieNetwork 
@TAMU https://t.co/ctisbrqXfO",2020-04-18T18:14:03.000Z,2902020918,0fc294b528d42000,,en
1.25153E+18,March to the Brazos 2020 https://t.co/M4N8d4EYdM Gig ‚Äòem Aggies and BTHO Coronavirus! Whoop! @EjonesFoodTech @rrichardson86 @The_CCA @TAMU_2022 @AggieCorps @TAMUyell,2020-04-18T15:29:01.000Z,2792171133,00a4bbcc0dcd7572,,en
1.25008E+18,Howdy Ags! We want to remind you to keep washing your hands and taking the necessary precautions to keep you and others safe. Here‚Äôs a red-ass way to do that! Let‚Äôs BTHO COVID-19! #gigem #whoop @ Texas A&amp;M University https://t.co/068vInHF8s,2020-04-14T15:24:48.000Z,331013295,00a4bbcc0dcd7572,"[-96.33447647, 30.61952184]",en
1.24621E+18,I can‚Äôt imagine going through all this COVID-19 craziness AND being pregnant while working anywhere else. Thank you for all you do for your employees @tamu ‚ù§Ô∏è,2020-04-03T22:58:32.000Z,7.70752E+17,9ce0f1d2eb5998ce,,en
1.24285E+18,"Shout out to @astro_aggie Mike Fossum and Texas A&amp;M University Galveston Campus @AggiesByTheSea for their support to #bthocoronavirus 

https://t.co/DuaKrJ4oZR https://t.co/6caD4xWdyo",2020-03-25T16:22:01.000Z,31969340,07d9c999f3084000,,en
1.24183E+18,We won‚Äôt let COVID-19 keep us from being connected. Hope to see your beautiful faces tonight at 7 p.m. #CampusMinistry in the midst of #COVID_19 #PCUSA #UCC #Ukirk @ Texas A&amp;M University https://t.co/66alLbBCeY,2020-03-22T21:11:23.000Z,69701273,00a4bbcc0dcd7572,"[-96.33447647, 30.61952184]",en
1.24125E+18,"The Brazos County Health District advised today evidence of community spread in Brazos County, as has been the case in other areas of Texas. This community spread case was not one of the aforementioned Texas A&amp;M cases.https://t.co/WvrT9gAQAF #QuaratineAndChill",2020-03-21T06:25:24.000Z,115031064,00a4bbcc0dcd7572,,en
1.24121E+18,This brings the tally to 3 cases of COVID-19 in the Texas A&amp;M community. The @TAMU Office of Safety and Security has notified health authorities and contact tracing had begun. https://t.co/gfnwycfa8T,2020-03-21T03:38:03.000Z,2363436115,00a4bbcc0dcd7572,,en
1.24104E+18,"Carney's Pub are closing down temporarily due to Covid-19, and they are giving away the remaining food today, starting at 3 pm, till they run out. Kindly share it with someone who might be in need. @ Texas A&amp;M‚Ä¶ https://t.co/of1kP6E24Y",2020-03-20T16:20:53.000Z,1323478910,00a4bbcc0dcd7572,"[-96.33447647, 30.61952184]",en
1.24081E+18,Great first zoom meeting of the #BadHombresScholars in this #coronavirus time. Special thanks to the profe Montelongo for inviting me in. Its great to be amongst raza willing to be there for you. Looking forward working with these gentlemen #phdstudent #phdlife #tamu #eahrd https://t.co/SdmHFEXxl7,2020-03-20T01:06:42.000Z,2894309072,9ce0f1d2eb5998ce,,en
1.24076E+18,"Howdy, Ags! Social Distancing will have a powerful impact on COVID-19! Social Distancing IS Selfless Service. Live the Aggie Core Values and remember, ""Aggies help Aggies!"" @TAMU @TAMUDSA @TAMU_SHS @TAMU_HP @tamu_sga @DeniceWPugh @TheBattOnline @AggieNetwork https://t.co/7yShKhbhqQ",2020-03-19T21:57:27.000Z,73100680,00a4bbcc0dcd7572,,en
1.24073E+18,"üö®IMPORTANT UPDATEüö®

At the direction of Governor Abbott &amp; Texas A&amp;M leadership, the Student Recreation Center will be closed effective immediately through Friday, April 3.

Please visit https://t.co/pSMWT1PtI7 for our online workout options. https://t.co/N2S0lgBM7A",2020-03-19T19:48:39.000Z,17974323,00a4bbcc0dcd7572,,en
1.24007E+18,"UPDATE:

Students must now sign up for a designated time slot to workout within the Strength &amp; Conditioning room starting tomorrow, Wed., March 18.

Visit https://t.co/pSMWT1PtI7 &amp; click the Strength &amp; Conditioning tab for more info. https://t.co/WOX1rVkHCk",2020-03-18T00:05:24.000Z,17974323,00a4bbcc0dcd7572,,en
1.23993E+18,This was transmitted 5-14 days ago ie before spring break. Increase testing with their network. @CityofBryan @CityofCS @TAMU  https://t.co/ntdQYF59ZG,2020-03-17T14:42:52.000Z,1.02691E+18,9ce0f1d2eb5998ce,,en
1.2397E+18,"Rec Sports Facilities &amp; Programs Update:

Due to recent restrictions and guidelines, at this time a maximum of 50 people are allowed within the Strength &amp; Conditioning room.  

For the most up-to-date information please visit https://t.co/xcHw5rbc1U https://t.co/EOIYQfqZvf",2020-03-16T23:40:06.000Z,17974323,00a4bbcc0dcd7572,,en
1.23817E+18,"Texas A&amp;M: *delays school for two days to keep everyone safe from Coronavirus*

Everyone: *goes to North Gate*",2020-03-12T18:33:55.000Z,3140813030,00a4bbcc0dcd7572,,en
1.2381E+18,"@Perry_BrittanyN @TAMU @tamupols I‚Äôm moving online
But some students told to be in class Wed

8 new TX cases + community spread: Houston &amp; Montgomery County

@TAMU Pls delay 1 more week 

#FlattenTheCurve 

https://t.co/kPiOZUXg7t

https://t.co/92cz",2020-03-12T13:49:35.000Z,9.48646E+17,9ce0f1d2eb5998ce,,en
1.23787E+18,The latest from Texas A&amp;M re: coronavirus: https://t.co/lanTQYNGCC,2020-03-11T22:17:06.000Z,46845373,9ce0f1d2eb5998ce,,en
1.2378E+18,choo choo!!! aggie twitter petition train!!! Texas A&amp;M University President: Online classes for Texas A&amp;M University during coronavirus outbreak. - Sign the Petition! https://t.co/oBqW1gGBcn via @Change,2020-03-11T17:48:20.000Z,95282344,00a4bbcc0dcd7572,,en
1.23753E+18,S/O to coronavirus for giving me a longer spring break!!!! ü§© https://t.co/LhMYQZwauS,2020-03-11T00:12:03.000Z,1173504476,00a4bbcc0dcd7572,,en
1.23748E+18,"Keep up with #tamu campus updates at https://t.co/qVDiZ44eKG
March 10, 2020, 3:20pm- 
Texas A&amp;M Classes Resume On March 18; Faculty/Staff As Planned On March 16",2020-03-10T20:43:58.000Z,2530016028,9ce0f1d2eb5998ce,,en
1.22084E+18,"cdc: the coronavirus is very serious and can be fatal. 

tamu students: memes, a twitter account, corona jokes, still going to class and ng, if it‚Äôs my time it‚Äôs my time.",2020-01-24T22:55:02.000Z,9.73048E+17,00a4bbcc0dcd7572,,en
1.22077E+18,So apparently the student at Tamu with the coronavirus is an oceanography major which means he‚Äôs been in the same building I‚Äôve been in. Let the anxiety commence,2020-01-24T18:14:25.000Z,442894119,00a4bbcc0dcd7572,,en
1.22051E+18,so happy to get to contract the coronavirus at THE texas a&amp;m university,2020-01-24T00:40:06.000Z,2761856823,00a4bbcc0dcd7572,,en
1.2205E+18,Texas A&amp;M student could be among the latest suspected cases of coronavirus. https://t.co/kkKKCfUS8e,2020-01-24T00:22:03.000Z,481735007,00a4bbcc0dcd7572,,en
1.22048E+18,"*Texas A&amp;M confirms possible case of coronavirus*
me to my prof: https://t.co/olPCmEja3i",2020-01-23T22:41:49.000Z,8.57038E+17,00a4bbcc0dcd7572,,en
1.22046E+18,great so the only 2 cases of the coronavirus in the US are in Washington state and TEXAS A&amp;M,2020-01-23T21:44:28.000Z,9.46444E+17,00a4bbcc0dcd7572,,en
1.22046E+18,"Unconfirmed case of coronavirus at Texas A&amp;M, see y‚Äôall in the afterlife",2020-01-23T21:36:54.000Z,2888778603,00a4bbcc0dcd7572,,en
1.22045E+18,BREAKING: @BrazosCoHD has confirmed it is a @TAMU student who is the patient health officials suspect may have the Coronavirus @KBTXNews,2020-01-23T21:00:06.000Z,1.0961E+18,9ce0f1d2eb5998ce,,en
